{
  "Reptiles" : {
    "transaction" : "Reptiles",
    "sampleCount" : 350,
    "errorCount" : 0,
    "errorPct" : 0.0,
    "meanResTime" : 1.5628571428571427,
    "medianResTime" : 1.0,
    "minResTime" : 0.0,
    "maxResTime" : 9.0,
    "pct1ResTime" : 3.0,
    "pct2ResTime" : 3.0,
    "pct3ResTime" : 4.0,
    "throughput" : 14.551199434581966,
    "receivedKBytesPerSec" : 52.74809795035962,
    "sentKBytesPerSec" : 3.5525389244584873
  },
  "Main Catalog" : {
    "transaction" : "Main Catalog",
    "sampleCount" : 1000,
    "errorCount" : 0,
    "errorPct" : 0.0,
    "meanResTime" : 1.3719999999999997,
    "medianResTime" : 1.0,
    "minResTime" : 0.0,
    "maxResTime" : 9.0,
    "pct1ResTime" : 2.0,
    "pct2ResTime" : 3.0,
    "pct3ResTime" : 4.0,
    "throughput" : 41.60945366787334,
    "receivedKBytesPerSec" : 197.27411755450836,
    "sentKBytesPerSec" : 21.385796352931386
  },
  "Birds" : {
    "transaction" : "Birds",
    "sampleCount" : 325,
    "errorCount" : 0,
    "errorPct" : 0.0,
    "meanResTime" : 1.590769230769231,
    "medianResTime" : 1.0,
    "minResTime" : 0.0,
    "maxResTime" : 5.0,
    "pct1ResTime" : 3.0,
    "pct2ResTime" : 3.0,
    "pct3ResTime" : 4.0,
    "throughput" : 14.221327615630333,
    "receivedKBytesPerSec" : 51.52453657616068,
    "sentKBytesPerSec" : 3.430339766660832
  },
  "Login" : {
    "transaction" : "Login",
    "sampleCount" : 1000,
    "errorCount" : 0,
    "errorPct" : 0.0,
    "meanResTime" : 2.8540000000000014,
    "medianResTime" : 3.0,
    "minResTime" : 0.0,
    "maxResTime" : 15.0,
    "pct1ResTime" : 5.0,
    "pct2ResTime" : 5.0,
    "pct3ResTime" : 6.0,
    "throughput" : 41.61291664932795,
    "receivedKBytesPerSec" : 213.8351244226208,
    "sentKBytesPerSec" : 65.5484712454746
  },
  "Login-0" : {
    "transaction" : "Login-0",
    "sampleCount" : 1000,
    "errorCount" : 0,
    "errorPct" : 0.0,
    "meanResTime" : 1.4690000000000007,
    "medianResTime" : 1.0,
    "minResTime" : 0.0,
    "maxResTime" : 12.0,
    "pct1ResTime" : 3.0,
    "pct2ResTime" : 3.0,
    "pct3ResTime" : 3.0,
    "throughput" : 41.61984434178216,
    "receivedKBytesPerSec" : 7.844365193324177,
    "sentKBytesPerSec" : 37.96185021018021
  },
  "Login-1" : {
    "transaction" : "Login-1",
    "sampleCount" : 1000,
    "errorCount" : 0,
    "errorPct" : 0.0,
    "meanResTime" : 1.3159999999999994,
    "medianResTime" : 1.0,
    "minResTime" : 0.0,
    "maxResTime" : 10.0,
    "pct1ResTime" : 2.0,
    "pct2ResTime" : 3.0,
    "pct3ResTime" : 3.990000000000009,
    "throughput" : 41.61984434178216,
    "receivedKBytesPerSec" : 206.0263583676697,
    "sentKBytesPerSec" : 27.597533503974695
  },
  "Home-0" : {
    "transaction" : "Home-0",
    "sampleCount" : 1000,
    "errorCount" : 0,
    "errorPct" : 0.0,
    "meanResTime" : 0.6680000000000009,
    "medianResTime" : 1.0,
    "minResTime" : 0.0,
    "maxResTime" : 6.0,
    "pct1ResTime" : 1.0,
    "pct2ResTime" : 1.0,
    "pct3ResTime" : 2.0,
    "throughput" : 41.78156597309267,
    "receivedKBytesPerSec" : 5.957137336007353,
    "sentKBytesPerSec" : 7.805482002590456
  },
  "Home-1" : {
    "transaction" : "Home-1",
    "sampleCount" : 1000,
    "errorCount" : 0,
    "errorPct" : 0.0,
    "meanResTime" : 0.5980000000000008,
    "medianResTime" : 1.0,
    "minResTime" : 0.0,
    "maxResTime" : 2.0,
    "pct1ResTime" : 1.0,
    "pct2ResTime" : 1.0,
    "pct3ResTime" : 2.0,
    "throughput" : 41.785057663379575,
    "receivedKBytesPerSec" : 55.128528225806456,
    "sentKBytesPerSec" : 7.846940027995989
  },
  "Total" : {
    "transaction" : "Total",
    "sampleCount" : 12000,
    "errorCount" : 0,
    "errorPct" : 0.0,
    "meanResTime" : 1.5165000000000002,
    "medianResTime" : 1.0,
    "minResTime" : 0.0,
    "maxResTime" : 15.0,
    "pct1ResTime" : 3.0,
    "pct2ResTime" : 4.0,
    "pct3ResTime" : 5.0,
    "throughput" : 493.03586835942315,
    "receivedKBytesPerSec" : 1473.5767200403675,
    "sentKBytesPerSec" : 300.69735205072107
  },
  "Dogs" : {
    "transaction" : "Dogs",
    "sampleCount" : 325,
    "errorCount" : 0,
    "errorPct" : 0.0,
    "meanResTime" : 1.6030769230769224,
    "medianResTime" : 2.0,
    "minResTime" : 0.0,
    "maxResTime" : 5.0,
    "pct1ResTime" : 3.0,
    "pct2ResTime" : 3.0,
    "pct3ResTime" : 4.0,
    "throughput" : 14.251885634099281,
    "receivedKBytesPerSec" : 59.791113949307146,
    "sentKBytesPerSec" : 3.4237928378793194
  },
  "Sign In" : {
    "transaction" : "Sign In",
    "sampleCount" : 1000,
    "errorCount" : 0,
    "errorPct" : 0.0,
    "meanResTime" : 1.5739999999999998,
    "medianResTime" : 1.0,
    "minResTime" : 0.0,
    "maxResTime" : 10.0,
    "pct1ResTime" : 3.0,
    "pct2ResTime" : 3.0,
    "pct3ResTime" : 4.0,
    "throughput" : 41.664930627890506,
    "receivedKBytesPerSec" : 159.62062778634223,
    "sentKBytesPerSec" : 24.37235688096329
  },
  "Sign Out" : {
    "transaction" : "Sign Out",
    "sampleCount" : 1000,
    "errorCount" : 0,
    "errorPct" : 0.0,
    "meanResTime" : 2.7750000000000035,
    "medianResTime" : 3.0,
    "minResTime" : 0.0,
    "maxResTime" : 14.0,
    "pct1ResTime" : 5.0,
    "pct2ResTime" : 5.0,
    "pct3ResTime" : 7.0,
    "throughput" : 41.61118508655127,
    "receivedKBytesPerSec" : 213.93041699608855,
    "sentKBytesPerSec" : 43.238572528295606
  },
  "Sign Out-0" : {
    "transaction" : "Sign Out-0",
    "sampleCount" : 1000,
    "errorCount" : 0,
    "errorPct" : 0.0,
    "meanResTime" : 1.3569999999999989,
    "medianResTime" : 1.0,
    "minResTime" : 0.0,
    "maxResTime" : 10.0,
    "pct1ResTime" : 2.0,
    "pct2ResTime" : 3.0,
    "pct3ResTime" : 3.0,
    "throughput" : 41.61638020724957,
    "receivedKBytesPerSec" : 13.492810770319197,
    "sentKBytesPerSec" : 21.82421501102834
  },
  "Home" : {
    "transaction" : "Home",
    "sampleCount" : 1000,
    "errorCount" : 0,
    "errorPct" : 0.0,
    "meanResTime" : 1.3360000000000019,
    "medianResTime" : 1.0,
    "minResTime" : 0.0,
    "maxResTime" : 8.0,
    "pct1ResTime" : 2.0,
    "pct2ResTime" : 3.0,
    "pct3ResTime" : 3.0,
    "throughput" : 41.77807486631016,
    "receivedKBytesPerSec" : 61.075955151236634,
    "sentKBytesPerSec" : 15.650458514371659
  },
  "Sign Out-1" : {
    "transaction" : "Sign Out-1",
    "sampleCount" : 1000,
    "errorCount" : 0,
    "errorPct" : 0.0,
    "meanResTime" : 1.2940000000000003,
    "medianResTime" : 1.0,
    "minResTime" : 0.0,
    "maxResTime" : 10.0,
    "pct1ResTime" : 2.0,
    "pct2ResTime" : 3.0,
    "pct3ResTime" : 4.0,
    "throughput" : 41.61464835622139,
    "receivedKBytesPerSec" : 200.45597300249688,
    "sentKBytesPerSec" : 21.418864440282977
  }
}