{
  "Reptiles" : {
    "transaction" : "Reptiles",
    "sampleCount" : 1816,
    "errorCount" : 0,
    "errorPct" : 0.0,
    "meanResTime" : 1.120594713656389,
    "medianResTime" : 1.0,
    "minResTime" : 0.0,
    "maxResTime" : 8.0,
    "pct1ResTime" : 2.0,
    "pct2ResTime" : 2.0,
    "pct3ResTime" : 4.0,
    "throughput" : 22.293971052211596,
    "receivedKBytesPerSec" : 80.81564506426704,
    "sentKBytesPerSec" : 5.442864026418847
  },
  "Main Catalog" : {
    "transaction" : "Main Catalog",
    "sampleCount" : 5437,
    "errorCount" : 0,
    "errorPct" : 0.0,
    "meanResTime" : 0.9255103917601636,
    "medianResTime" : 1.0,
    "minResTime" : 0.0,
    "maxResTime" : 9.0,
    "pct1ResTime" : 2.0,
    "pct2ResTime" : 2.0,
    "pct3ResTime" : 3.0,
    "throughput" : 66.59480910794558,
    "receivedKBytesPerSec" : 314.517871920281,
    "sentKBytesPerSec" : 34.317614109599106
  },
  "Birds" : {
    "transaction" : "Birds",
    "sampleCount" : 1799,
    "errorCount" : 0,
    "errorPct" : 0.0,
    "meanResTime" : 1.122290161200667,
    "medianResTime" : 1.0,
    "minResTime" : 0.0,
    "maxResTime" : 11.0,
    "pct1ResTime" : 2.0,
    "pct2ResTime" : 2.0,
    "pct3ResTime" : 3.0,
    "throughput" : 22.28912677173159,
    "receivedKBytesPerSec" : 80.75455109680097,
    "sentKBytesPerSec" : 5.376381164665725
  },
  "Login" : {
    "transaction" : "Login",
    "sampleCount" : 5422,
    "errorCount" : 0,
    "errorPct" : 0.0,
    "meanResTime" : 1.95702692733308,
    "medianResTime" : 2.0,
    "minResTime" : 0.0,
    "maxResTime" : 15.0,
    "pct1ResTime" : 3.0,
    "pct2ResTime" : 4.0,
    "pct3ResTime" : 6.0,
    "throughput" : 66.51210147327618,
    "receivedKBytesPerSec" : 341.7838651878703,
    "sentKBytesPerSec" : 104.76955046522896
  },
  "Login-0" : {
    "transaction" : "Login-0",
    "sampleCount" : 5422,
    "errorCount" : 0,
    "errorPct" : 0.0,
    "meanResTime" : 1.000000000000002,
    "medianResTime" : 1.0,
    "minResTime" : 0.0,
    "maxResTime" : 11.0,
    "pct1ResTime" : 2.0,
    "pct2ResTime" : 2.0,
    "pct3ResTime" : 3.0,
    "throughput" : 66.51291739247773,
    "receivedKBytesPerSec" : 12.536126031980666,
    "sentKBytesPerSec" : 60.6670555122795
  },
  "Login-1" : {
    "transaction" : "Login-1",
    "sampleCount" : 5422,
    "errorCount" : 0,
    "errorPct" : 0.0,
    "meanResTime" : 0.9066765031353774,
    "medianResTime" : 1.0,
    "minResTime" : 0.0,
    "maxResTime" : 13.0,
    "pct1ResTime" : 2.0,
    "pct2ResTime" : 2.0,
    "pct3ResTime" : 3.0,
    "throughput" : 66.51291739247773,
    "receivedKBytesPerSec" : 329.251931896943,
    "sentKBytesPerSec" : 44.10378018505116
  },
  "Home-0" : {
    "transaction" : "Home-0",
    "sampleCount" : 5441,
    "errorCount" : 0,
    "errorPct" : 0.0,
    "meanResTime" : 0.4598419408197015,
    "medianResTime" : 0.0,
    "minResTime" : 0.0,
    "maxResTime" : 5.0,
    "pct1ResTime" : 1.0,
    "pct2ResTime" : 1.0,
    "pct3ResTime" : 1.0,
    "throughput" : 66.62992897379377,
    "receivedKBytesPerSec" : 9.49997034196669,
    "sentKBytesPerSec" : 12.53784986912197
  },
  "Home-1" : {
    "transaction" : "Home-1",
    "sampleCount" : 5441,
    "errorCount" : 0,
    "errorPct" : 0.0,
    "meanResTime" : 0.3848557250505423,
    "medianResTime" : 0.0,
    "minResTime" : 0.0,
    "maxResTime" : 2.0,
    "pct1ResTime" : 1.0,
    "pct2ResTime" : 1.0,
    "pct3ResTime" : 1.0,
    "throughput" : 66.63237689359148,
    "receivedKBytesPerSec" : 87.91048943675986,
    "sentKBytesPerSec" : 12.603381178282328
  },
  "Total" : {
    "transaction" : "Total",
    "sampleCount" : 65126,
    "errorCount" : 0,
    "errorPct" : 0.0,
    "meanResTime" : 1.0383103522402815,
    "medianResTime" : 1.0,
    "minResTime" : 0.0,
    "maxResTime" : 15.0,
    "pct1ResTime" : 2.0,
    "pct2ResTime" : 2.0,
    "pct3ResTime" : 4.0,
    "throughput" : 797.4091487902831,
    "receivedKBytesPerSec" : 2380.4640365004225,
    "sentKBytesPerSec" : 486.57093838387084
  },
  "Dogs" : {
    "transaction" : "Dogs",
    "sampleCount" : 1804,
    "errorCount" : 0,
    "errorPct" : 0.0,
    "meanResTime" : 1.1812638580931238,
    "medianResTime" : 1.0,
    "minResTime" : 0.0,
    "maxResTime" : 10.0,
    "pct1ResTime" : 2.0,
    "pct2ResTime" : 2.0,
    "pct3ResTime" : 4.0,
    "throughput" : 22.266107134040976,
    "receivedKBytesPerSec" : 93.41327758578129,
    "sentKBytesPerSec" : 5.349084331029376
  },
  "Sign In" : {
    "transaction" : "Sign In",
    "sampleCount" : 5430,
    "errorCount" : 0,
    "errorPct" : 0.0,
    "meanResTime" : 1.1095764272559863,
    "medianResTime" : 1.0,
    "minResTime" : 0.0,
    "maxResTime" : 11.0,
    "pct1ResTime" : 2.0,
    "pct2ResTime" : 2.0,
    "pct3ResTime" : 4.0,
    "throughput" : 66.53759435349475,
    "receivedKBytesPerSec" : 254.90559672458582,
    "sentKBytesPerSec" : 38.921893572014994
  },
  "Sign Out" : {
    "transaction" : "Sign Out",
    "sampleCount" : 5417,
    "errorCount" : 0,
    "errorPct" : 0.0,
    "meanResTime" : 1.88369946464833,
    "medianResTime" : 2.0,
    "minResTime" : 0.0,
    "maxResTime" : 12.0,
    "pct1ResTime" : 3.0,
    "pct2ResTime" : 4.0,
    "pct3ResTime" : 6.0,
    "throughput" : 66.55608797149527,
    "receivedKBytesPerSec" : 341.78172082335055,
    "sentKBytesPerSec" : 69.19155887163656
  },
  "Sign Out-0" : {
    "transaction" : "Sign Out-0",
    "sampleCount" : 5417,
    "errorCount" : 0,
    "errorPct" : 0.0,
    "meanResTime" : 0.9008676389145279,
    "medianResTime" : 1.0,
    "minResTime" : 0.0,
    "maxResTime" : 9.0,
    "pct1ResTime" : 2.0,
    "pct2ResTime" : 2.0,
    "pct3ResTime" : 3.0,
    "throughput" : 66.55690572436077,
    "receivedKBytesPerSec" : 21.578996777820098,
    "sentKBytesPerSec" : 34.90337731834155
  },
  "Home" : {
    "transaction" : "Home",
    "sampleCount" : 5441,
    "errorCount" : 0,
    "errorPct" : 0.0,
    "meanResTime" : 0.8932181584267592,
    "medianResTime" : 1.0,
    "minResTime" : 0.0,
    "maxResTime" : 7.0,
    "pct1ResTime" : 2.0,
    "pct2ResTime" : 2.0,
    "pct3ResTime" : 3.0,
    "throughput" : 66.62911304049669,
    "receivedKBytesPerSec" : 97.40603732580423,
    "sentKBytesPerSec" : 25.140460160756053
  },
  "Sign Out-1" : {
    "transaction" : "Sign Out-1",
    "sampleCount" : 5417,
    "errorCount" : 0,
    "errorPct" : 0.0,
    "meanResTime" : 0.9027136791582044,
    "medianResTime" : 1.0,
    "minResTime" : 0.0,
    "maxResTime" : 12.0,
    "pct1ResTime" : 2.0,
    "pct2ResTime" : 2.0,
    "pct3ResTime" : 3.0,
    "throughput" : 66.55690572436077,
    "receivedKBytesPerSec" : 320.2069234056507,
    "sentKBytesPerSec" : 34.28903168732876
  }
}